hotel,price,score,avg review,reviews count,address,date
YOTEL Geneva Lake,CHF 128,"8.7
Scored 8.7",Excellent,145,Founex,2024-05-25
Hotel Walhalla,CHF 265,"8.7
Scored 8.7",Excellent,"5,753",St. Gallen,2024-05-25
Q.C.M. Campus,CHF 105,"8.7
Scored 8.7",Excellent,710,Belp,2024-05-25
Hotel Alpina,CHF 96,"8.5
Scored 8.5",Very Good,"1,853",Kandersteg,2024-05-25
Capsule Hotel - Alpine Garden Zurich Airport,CHF 78,"8.3
Scored 8.3",Very Good,"8,527",Kloten,2024-05-25
Hôtel des Bains d'Ovronnaz,CHF 147,"7.4
Scored 7.4",Good,"2,351",Ovronnaz,2024-05-25
Hotel Taescherhof,CHF 100,"8.7
Scored 8.7",Excellent,377,Täsch,2024-05-25
Moxy Sion,CHF 112,"8.3
Scored 8.3",Very Good,"2,496",Sion,2024-05-25
City Hotel Biel Bienne Free Parking,CHF 120,"7.5
Scored 7.5",Good,"4,459",Biel,2024-05-25
Eden Hotel und Restaurant,CHF 128,"8.7
Scored 8.7",Excellent,"1,420",Ilanz,2024-05-25
B&B HOTEL Basel,CHF 103,"7.8
Scored 7.8",Good,"7,630",Basel,2024-05-25
Hotel Lindenhof by Crossworld AG,CHF 336,"7.7
Scored 7.7",Good,"2,073",Brienz,2024-05-25
Hotel Wartmann am Bahnhof,CHF 116,"8.3
Scored 8.3",Very Good,"2,854",Winterthur,2024-05-25
Hôtel Le Grand Chalet,CHF 203,"8.7
Scored 8.7",Excellent,"1,239",Leysin,2024-05-25
Hotel Garni Muralto,CHF 279,"8.7
Scored 8.7",Excellent,"4,549","Muralto, Locarno",2024-05-25
Zermatt Youth Hostel,CHF 60,"8.2
Scored 8.2",Very Good,"2,211",Zermatt,2024-05-25
Central Hotel Post,CHF 172,"8.3
Scored 8.3",Very Good,"3,053",Chur,2024-05-25
H4 Hotel Solothurn,CHF 207,"8.3
Scored 8.3",Very Good,"3,109",Solothurn,2024-05-25
Best Western Premier Hotel Beaulac,CHF 227,"8.3
Scored 8.3",Very Good,"2,834",Neuchâtel,2024-05-25
Eurotel Montreux,CHF 484,"8.3
Scored 8.3",Very Good,"6,945","Montreux City Centre, Montreux",2024-05-25
capsule hotel lucerne,CHF 108,"8.1
Scored 8.1",Very Good,"1,465","Old Town, Lucerne",2024-05-25
Hotel Work Life Residence am Bahnhof,CHF 123,"7.7
Scored 7.7",Good,"1,622",Winterthur,2024-05-25
Ambiente Hotel Freieck,CHF 113,"8.5
Scored 8.5",Very Good,"3,020",Chur,2024-05-25
Jura Sport & Spa Resort,CHF 128,"7.9
Scored 7.9",Good,804,Saignelégier,2024-05-25
Hôtel du Rhône,CHF 125,"8.0
Scored 8.0",Very Good,"1,662",Sion,2024-05-25
Hotel Bellinzona Sud Swiss Quality,CHF 117,"8.5
Scored 8.5",Very Good,"2,631",Monte Carasso,2024-05-25
St. Moritz Youth Hostel,CHF 60,"8.1
Scored 8.1",Very Good,"1,573",St. Moritz,2024-05-25
Hotel Eden Palace au Lac,CHF 205,"7.9
Scored 7.9",Good,"2,993","Montreux City Centre, Montreux",2024-05-25
"Holiday Inn Express - Aarburg - Oftringen, an IHG Hotel",CHF 138,"8.6
Scored 8.6",Excellent,"2,244",Oftringen,2024-05-25
VISIONAPARTMENTS Rue des Communaux - contactless check-in,CHF 102,"7.8
Scored 7.8",Good,"2,158",Vevey,2024-05-25
Garni-Hotel Mühletal,CHF 95,"7.5
Scored 7.5",Good,"1,437",Stein am Rhein,2024-05-25
Seedamm Plaza,CHF 193,"8.4
Scored 8.4",Very Good,"1,311",Pfäffikon,2024-05-25
Alpine Classic Hotel,CHF 132,"7.7
Scored 7.7",Good,946,Leysin,2024-05-25
"Holiday Inn Express Zürich Airport, an IHG Hotel",CHF 142,"8.3
Scored 8.3",Very Good,"7,157",Rümlang,2024-05-25
Hôtel du Cheval Blanc - City center,CHF 122,"8.3
Scored 8.3",Very Good,"1,353",Bulle,2024-05-25
Kurhaus Cademario Hotel & DOT Spa - Ticino Hotels Group,CHF 212,"8.6
Scored 8.6",Excellent,"1,560",Cademario,2024-05-25
B&B HOTEL St Gallen,CHF 108,"8.3
Scored 8.3",Very Good,"3,994",St. Gallen,2024-05-25
HYPERION Hotel Basel,CHF 192,"8.4
Scored 8.4",Very Good,"7,963","Basel City Centre, Basel",2024-05-25
Poschiavo Suisse Hotel,CHF 103,"8.4
Scored 8.4",Very Good,940,Poschiavo,2024-05-25
Ramada by Wyndham Baden Hotel du Parc,CHF 165,"8.0
Scored 8.0",Very Good,864,Baden,2024-05-25
Stay KooooK Bern City - Online Check In,CHF 206,"8.8
Scored 8.8",Excellent,"2,236","Old City of Bern, Bern",2024-05-25
Hotel Restaurant Walliser Sonne,CHF 65,"7.0
Scored 7.0",Good,"1,197",Reckingen - Gluringen,2024-05-25
Motel Gottardo Sud,CHF 140,"7.9
Scored 7.9",Good,"2,047",Piotta,2024-05-25
Crans-Montana Youth Hostel,CHF 57,"8.4
Scored 8.4",Very Good,524,Crans-Montana,2024-05-25
Grand Resort Bad Ragaz,CHF 605,"9.3
Scored 9.3",Wonderful,709,Bad Ragaz,2024-05-25
Hôtel Alpes & Lac,CHF 157,"8.3
Scored 8.3",Very Good,"1,704",Neuchâtel,2024-05-25
Hôtel de la Forêt,CHF 102,"8.0
Scored 8.0",Very Good,900,Crans-Montana,2024-05-25
Radisson Blu Hotel Zurich Airport,CHF 226,"8.3
Scored 8.3",Very Good,"11,123",Kloten,2024-05-25
Hotel Kreuz by b-smart,CHF 154,"8.3
Scored 8.3",Very Good,841,Sachseln,2024-05-25
Nash Airport Hotel,CHF 121,"8.1
Scored 8.1",Very Good,"13,317",Geneva,2024-05-25
Wellness Hotel Aquafit Sursee,CHF 151,"8.1
Scored 8.1",Very Good,"1,660",Sursee,2024-05-25
Hilton Garden Inn Davos,CHF 192,"8.2
Scored 8.2",Very Good,"1,587",Davos,2024-05-25
NH Geneva Airport Hotel,CHF 140,"8.3
Scored 8.3",Very Good,"1,437",Geneva,2024-05-25
Mövenpick Hotel Zurich Airport,CHF 130,"7.3
Scored 7.3",Good,"2,101",Glattbrugg,2024-05-25
Vienna House by Wyndham zur Bleiche Schaffhausen,CHF 172,"8.3
Scored 8.3",Very Good,"1,725",Schaffhausen,2024-05-25
Hotel Suretta,CHF 97,"8.3
Scored 8.3",Very Good,"1,248",Splügen,2024-05-25
Gyger Restaurant Confiserie B&B,CHF 180,"8.6
Scored 8.6",Excellent,"1,023",Thusis,2024-05-25
Lenkerhof gourmet spa resort - Relais & Châteaux,CHF 310,"8.9
Scored 8.9",Excellent,587,Lenk,2024-05-25
Hotel Morgana,CHF 146,"7.6
Scored 7.6",Good,"1,343",Mendrisio,2024-05-25
Hotel Drei Könige,CHF 138,"8.4
Scored 8.4",Very Good,592,Einsiedeln,2024-05-25
Interlaken Youth Hostel,CHF 66,"8.4
Scored 8.4",Very Good,"2,280","Central Interlaken, Interlaken",2024-05-25
Hotel Alpin Superior,CHF 180,"8.3
Scored 8.3",Very Good,856,Saas-Fee,2024-05-25
Hotel Casino,CHF 162,"7.3
Scored 7.3",Good,515,Sierre,2024-05-25
b-smart hotel Arbon,CHF 191,"8.6
Scored 8.6",Excellent,318,Arbon,2024-05-25
Martigny Boutique-Hôtel,CHF 149,"8.8
Scored 8.8",Excellent,"1,340",Martigny-Ville,2024-05-25
Hotel Aare Thun,CHF 266,"8.8
Scored 8.8",Excellent,177,Thun,2024-05-25
flexymotel Wil,CHF 99,"7.9
Scored 7.9",Good,603,Wil,2024-05-25
ibis Styles St Margrethen Bodensee,CHF 99,"8.6
Scored 8.6",Excellent,735,Sankt Margrethen,2024-05-25
Hotel Lötschberg,CHF 179,"8.3
Scored 8.3",Very Good,"1,753","Central Interlaken, Interlaken",2024-05-25
ibis Genève Centre Nations,CHF 173,"8.0
Scored 8.0",Very Good,"8,364","Saint-Gervais / des Grottes, Geneva",2024-05-25
Enjoy 1313AG Hotel Touring,CHF 115,"7.9
Scored 7.9",Good,"1,326",Chiasso,2024-05-25
B&B HOTEL Zürich Wallisellen,CHF 102,"7.9
Scored 7.9",Good,"2,830",Wallisellen,2024-05-25
Sorell Hotel Sonnental,CHF 163,"8.2
Scored 8.2",Very Good,"2,290","Dübendorf, Dübendorf",2024-05-25
Royal Plaza Montreux,CHF 206,"8.0
Scored 8.0",Very Good,"2,642","Montreux City Centre, Montreux",2024-05-25
Ibis Sion,CHF 106,"7.7
Scored 7.7",Good,"1,141",Sion,2024-05-25
Radisson Hotel Zurich Airport,CHF 173,"8.0
Scored 8.0",Very Good,"6,611",Rümlang,2024-05-25
"Radisson Blu, Basel",CHF 214,"8.1
Scored 8.1",Very Good,"1,468","Vorstädte, Basel",2024-05-25
Hillsite Smart Hotel Flims,CHF 151,"7.6
Scored 7.6",Good,"1,292",Flims,2024-05-25
Nash Suites Airport Hotel,CHF 126,"8.3
Scored 8.3",Very Good,"6,984",Geneva,2024-05-25
Centurion Swiss Quality Towerhotel,CHF 105,"8.5
Scored 8.5",Very Good,881,Brugg,2024-05-25
VISIONAPARTMENTS Basel Nauenstrasse - contactless check-in,CHF 133,"8.2
Scored 8.2",Very Good,"3,677",Basel,2024-05-25
"Crowne Plaza Zürich, an IHG Hotel",CHF 190,"7.6
Scored 7.6",Good,"5,510","Aussersihl, Zurich",2024-05-25
Guest House Le Charlot,CHF 134,"8.4
Scored 8.4",Very Good,"1,197",Vevey,2024-05-25
Hotel Schweizerhof Pontresina,CHF 203,"8.3
Scored 8.3",Very Good,847,Pontresina,2024-05-25
Hotel Bernina 1865,CHF 198,"8.3
Scored 8.3",Very Good,"2,342",Samedan,2024-05-25
ibis budget Lugano Paradiso,CHF 136,"7.1
Scored 7.1",Good,"4,027",Lugano,2024-05-25
Hotel Arte,CHF 303,"8.0
Scored 8.0",Very Good,"1,031",St. Moritz,2024-05-25
Motel One Zürich,CHF 212,"8.5
Scored 8.5",Very Good,"8,295","Zurich Old Town - City Center, Zurich",2024-05-25
"Hôtel Bellavista ""Bellevue""",CHF 88,"8.1
Scored 8.1",Very Good,432,Saignelégier,2024-05-25
Hotel & Restaurant Hofmatt,CHF 134,"8.1
Scored 8.1",Very Good,347,Münchenstein,2024-05-25
ibis Baar Zug,CHF 145,"7.5
Scored 7.5",Good,"1,103","Baar, Zug",2024-05-25
Dorint Airport-Hotel Zürich,CHF 162,"8.1
Scored 8.1",Very Good,"2,532",Glattbrugg,2024-05-25
Hotel Stern Chur,CHF 127,"8.3
Scored 8.3",Very Good,"1,192",Chur,2024-05-25
Swiss Diamond Hotel & Spa,CHF 359,"8.4
Scored 8.4",Very Good,"1,460",Morcote,2024-05-25
Hotel Rebstock - Self Check-in,CHF 117,"7.6
Scored 7.6",Good,614,Wolhusen,2024-05-25
The Chedi Andermatt,"CHF 2,020","9.2
Scored 9.2",Wonderful,"1,024",Andermatt,2024-05-25
Hotel Montana Zürich,CHF 255,"7.4
Scored 7.4",Good,"4,088","Escher Wyss, Zurich",2024-05-25
harry's home Zürich-Wallisellen,CHF 137,"8.1
Scored 8.1",Very Good,822,"Dübendorf, Wallisellen",2024-05-25
Hotel Bristol Zurich,CHF 270,"8.0
Scored 8.0",Very Good,"5,798","Zurich Old Town - City Center, Zurich",2024-05-25
Hotel Hirschen am See,CHF 137,"7.9
Scored 7.9",Good,"1,218",Meilen,2024-05-25
Hirschen Guesthouse - Village Hotel,CHF 150,"7.9
Scored 7.9",Good,290,Wildhaus,2024-05-25
Radisson Hotel & Suites Zurich,CHF 123,"8.2
Scored 8.2",Very Good,"2,559",Opfikon,2024-05-25
Wyna Motel,CHF 99,"8.1
Scored 8.1",Very Good,842,Neudorf,2024-05-25
Marina Walensee Hotel,CHF 132,"8.3
Scored 8.3",Very Good,944,Unterterzen,2024-05-25
Esos Hotel Quelle,CHF 121,"7.6
Scored 7.6",Good,"1,065",Bad Ragaz,2024-05-25
Budget rooms Pilatusbahn - Alpnachstad,CHF 108,"8.6
Scored 8.6",Excellent,371,Alpnachstad,2024-05-25
Hôtel de Ville,CHF 184,"8.3
Scored 8.3",Very Good,"1,218",Gruyères,2024-05-25
Boutique Hotel OchSen,CHF 185,"7.9
Scored 7.9",Good,"1,098",Bad Ragaz,2024-05-25
Hotel Schäfli,CHF 99,"8.4
Scored 8.4",Very Good,622,Uzwil,2024-05-25
Hotel Hine Adon Fribourg,CHF 151,"8.2
Scored 8.2",Very Good,"1,055",Fribourg,2024-05-25
Hotel Balsthal,CHF 121,"8.5
Scored 8.5",Very Good,905,Balsthal,2024-05-25
Hotel Berghof Amaranth,CHF 104,"8.2
Scored 8.2",Very Good,"2,507",Wilderswil,2024-05-25
Hotel Restaurant Bahnhof,CHF 89,"8.1
Scored 8.1",Very Good,672,Schüpfen,2024-05-25
Novotel Genève Centre,CHF 229,"8.0
Scored 8.0",Very Good,"2,806","Paquis, Geneva",2024-05-25
Swiss Quality Turmhotel Victoria,CHF 269,"8.1
Scored 8.1",Very Good,818,Davos,2024-05-25
Hotel Jungfraublick,CHF 206,"8.8
Scored 8.8",Excellent,"1,102",Wengen,2024-05-25
Courtyard by Marriott Basel,CHF 170,"7.8
Scored 7.8",Good,866,Pratteln,2024-05-25
flexymotel Buchs,CHF 116,"7.9
Scored 7.9",Good,"1,146",Buchs,2024-05-25
Bernerhof Swiss Quality Hotel,CHF 120,"9.1
Scored 9.1",Wonderful,399,Kandersteg,2024-05-25
J5 Hotels Helvetie & La Brasserie,CHF 204,"7.8
Scored 7.8",Good,"2,239","Montreux City Centre, Montreux",2024-05-25
Lac Hotel,CHF 212,"8.4
Scored 8.4",Very Good,969,Melide,2024-05-25
Hotel Hirschen Wildhaus,CHF 198,"8.0
Scored 8.0",Very Good,494,Wildhaus,2024-05-25
Osteria Ritrovo dei Passeggeri,CHF 108,"7.2
Scored 7.2",Good,449,SantʼAntonio,2024-05-25
B&B HOTEL Geneva Airport,CHF 103,"8.6
Scored 8.6",Excellent,"2,584",Geneva,2024-05-25
Hotel Bänklialp,CHF 152,"8.4
Scored 8.4",Very Good,662,Engelberg,2024-05-25
Hôtel des Horlogers,CHF 345,"9.4
Scored 9.4",Wonderful,344,Le Brassus,2024-05-25
Hôtel Ecureuil Villars,CHF 136,"8.1
Scored 8.1",Very Good,652,Villars-sur-Ollon,2024-05-25
Art Déco Hotel Elite,CHF 157,"7.6
Scored 7.6",Good,704,Biel,2024-05-25
Moxy Rapperswil,CHF 165,"8.5
Scored 8.5",Very Good,940,Rapperswil-Jona,2024-05-25
Ibis Lugano Paradiso,CHF 147,"7.7
Scored 7.7",Good,"1,889",Lugano,2024-05-25
Chalet Hotel Adler AG,CHF 122,"8.3
Scored 8.3",Very Good,865,Kandersteg,2024-05-25
Bern Youth Hostel,CHF 58,"8.4
Scored 8.4",Very Good,"2,736","Mattenhof-Weissenbühl, Bern",2024-05-25
Self Check-in Hotel von Rotz,CHF 124,"8.7
Scored 8.7",Excellent,"1,220",Wil,2024-05-25
Hotel Krone,CHF 221,"7.8
Scored 7.8",Good,595,Attinghausen,2024-05-25
Leonardo Hotel Zurich Airport,CHF 141,"8.5
Scored 8.5",Very Good,"8,168",Kloten,2024-05-25
Modern Studios Mendrisio,CHF 146,"9.0
Scored 9.0",Wonderful,486,Mendrisio,2024-05-25
"Holiday Inn Express & Suites - Basel - Allschwil, an IHG Hotel",CHF 129,"8.6
Scored 8.6",Excellent,"1,536","Allschwil, Basel",2024-05-25
Weisses Rössli,CHF 112,"7.6
Scored 7.6",Good,654,Leukerbad,2024-05-25
Adventure Hostel Interlaken,CHF 92,"8.6
Scored 8.6",Excellent,"1,312",Interlaken,2024-05-25
Ruby Mimi Hotel Zurich,CHF 273,"8.3
Scored 8.3",Very Good,"6,565","Zurich Old Town - City Center, Zurich",2024-05-25
b-smart hotel Menziken,CHF 150,"8.3
Scored 8.3",Very Good,283,Menziken,2024-05-25
Motel One Basel,CHF 143,"8.6
Scored 8.6",Excellent,"3,139","Old Town Grossbasel, Basel",2024-05-25
Hotel Concordia,CHF 131,"8.3
Scored 8.3",Very Good,555,Davos,2024-05-25
"Parkhotel Delta, Wellbeing Resort",CHF 231,"8.5
Scored 8.5",Very Good,846,Ascona,2024-05-25
Auberge de la Réunion,CHF 130,"8.6
Scored 8.6",Excellent,502,Coinsins,2024-05-25
Continental Hotel Lausanne,CHF 240,"7.9
Scored 7.9",Good,"2,831","Lausanne Center, Lausanne",2024-05-25
Hôtel Le White - Le 42 Restaurant,CHF 163,"8.8
Scored 8.8",Excellent,714,Champéry,2024-05-25
Boutique & Design Hotel Volkshaus Basel,CHF 320,"9.0
Scored 9.0",Wonderful,"1,169","Old Town Kleinbasel, Basel",2024-05-25
ibis Locarno,CHF 127,"8.2
Scored 8.2",Very Good,"2,149",Locarno,2024-05-25
Hotel Edelweiss,CHF 156,"8.5
Scored 8.5",Very Good,"1,243",Davos,2024-05-25
Hotel Rubus,CHF 104,"7.8
Scored 7.8",Good,451,Effretikon,2024-05-25
Hotel Liberty Self Check-In,CHF 134,"7.4
Scored 7.4",Good,"3,208",Bellinzona,2024-05-25
Everness Hotel & Resort,CHF 156,"8.3
Scored 8.3",Very Good,"1,962",Chavannes-de-Bogis,2024-05-25
LUGANODANTE - We like you,CHF 272,"9.2
Scored 9.2",Wonderful,"3,605","Lugano City-Centre, Lugano",2024-05-25
Hotel Europe,CHF 136,"7.6
Scored 7.6",Good,560,Davos,2024-05-25
Grichting Hotel & Serviced Apartments,CHF 101,"7.6
Scored 7.6",Good,"1,175",Leukerbad,2024-05-25
Hotel Sommerau,CHF 132,"8.2
Scored 8.2",Very Good,"1,256",Chur,2024-05-25
Campra Alpine Lodge & Spa,CHF 154,"8.8
Scored 8.8",Excellent,179,Olivone,2024-05-25
Hôtel Elite,CHF 125,"7.8
Scored 7.8",Good,883,Sion,2024-05-25
Alpine Hotel Perren,CHF 217,"8.6
Scored 8.6",Excellent,"1,426",Zermatt,2024-05-25
Hotel Internazionale Bellinzona,CHF 160,"8.3
Scored 8.3",Very Good,"1,482",Bellinzona,2024-05-25
ibis Basel Bahnhof,CHF 145,"8.1
Scored 8.1",Very Good,"3,405",Basel,2024-05-25
Happiness,CHF 62,"8.7
Scored 8.7",Excellent,328,Sirnach,2024-05-25
La Rouvenaz,CHF 204,"8.4
Scored 8.4",Very Good,"1,406","Montreux City Centre, Montreux",2024-05-25
Afterwork Hotel,CHF 152,"9.0
Scored 9.0",Wonderful,464,Etoy,2024-05-25
Grandhotel Giessbach,CHF 387,"8.8
Scored 8.8",Excellent,780,Brienz,2024-05-25
Alpenrose Hotel and Gardens,CHF 253,"8.5
Scored 8.5",Very Good,"1,329",Wilderswil,2024-05-25
Hotel Excelsior,CHF 174,"8.2
Scored 8.2",Very Good,435,Locarno,2024-05-25
Hotel Rosengärtli,CHF 162,"8.8
Scored 8.8",Excellent,572,Leissigen,2024-05-25
La Pierre à Catillon,CHF 138,"7.7
Scored 7.7",Good,444,Moleson,2024-05-25
Hotel Bernina Hospiz,CHF 56,"8.2
Scored 8.2",Very Good,814,Berninahäuser,2024-05-25
Kempinski Palace Engelberg,CHF 580,"9.4
Scored 9.4",Wonderful,767,Engelberg,2024-05-25
Sorell Hotel Krone,CHF 176,"9.0
Scored 9.0",Wonderful,"1,486",Winterthur,2024-05-25
"Holiday Inn Express Geneva Airport, an IHG Hotel",CHF 122,"8.1
Scored 8.1",Very Good,"4,223",Geneva,2024-05-25
Essential by Dorint Basel City,CHF 157,"8.5
Scored 8.5",Very Good,"4,345","Basel City Centre, Basel",2024-05-25
Los Lorentes Hotel Bern Airport,CHF 145,"8.2
Scored 8.2",Very Good,"1,042",Belp,2024-05-25
Hotel La Prairie,CHF 155,"8.4
Scored 8.4",Very Good,"1,053",Crans-Montana,2024-05-25
Hotel Bristol Relais du Silence Superior,CHF 140,"8.5
Scored 8.5",Very Good,741,Adelboden,2024-05-25
Hotel Felix,CHF 188,"8.5
Scored 8.5",Very Good,"4,059","Zurich Old Town - City Center, Zurich",2024-05-25
Grindelwald Youth Hostel,CHF 56,"8.3
Scored 8.3",Very Good,797,Grindelwald,2024-05-25
Hyatt Regency Zurich Airport Circle,CHF 207,"8.9
Scored 8.9",Excellent,"2,223",Kloten,2024-05-25
Gasthof Hirschen in Wilderswil,CHF 124,"8.2
Scored 8.2",Very Good,668,Wilderswil,2024-05-25
Stay KooooK Bern Wankdorf - Online Check In,CHF 145,"8.9
Scored 8.9",Excellent,"2,032","Breitenrain-Lorraine, Bern",2024-05-25
Hotel Conrad,CHF 155,"8.7
Scored 8.7",Excellent,407,Scuol,2024-05-25
Hotel Murtenhof & Krone,CHF 170,"8.6
Scored 8.6",Excellent,996,Murten,2024-05-25
Hotel Villa Post,CHF 155,"9.0
Scored 9.0",Wonderful,200,Vulpera,2024-05-25
H4 Hotel Arcadia Locarno,CHF 242,"8.3
Scored 8.3",Very Good,"2,437",Locarno,2024-05-25
Weisses Kreuz,CHF 154,"8.1
Scored 8.1",Very Good,662,Lyss,2024-05-25
citizenM Geneva,CHF 243,"8.5
Scored 8.5",Very Good,"4,509","Downtown, Geneva",2024-05-25
wellnessHostel4000,CHF 83,"8.3
Scored 8.3",Very Good,588,Saas-Fee,2024-05-25
Hotel Frauenfeld,CHF 115,"8.4
Scored 8.4",Very Good,719,Frauenfeld,2024-05-25
Berg & Bett Säntis Lodge,CHF 106,"8.0
Scored 8.0",Very Good,453,Unterwasser,2024-05-25
Hotel Central Résidence,CHF 169,"7.8
Scored 7.8",Good,"1,377",Leysin,2024-05-25
flexymotel Schönenwerd,CHF 115,"7.7
Scored 7.7",Good,88,Schönenwerd,2024-05-25
Hostel by Hyve Basel,CHF 68,"8.6
Scored 8.6",Excellent,"1,801",Basel,2024-05-25
Warwick Geneva,CHF 246,"8.0
Scored 8.0",Very Good,"4,401","Paquis, Geneva",2024-05-25
Hotel Emmental,CHF 177,"8.3
Scored 8.3",Very Good,851,Thun,2024-05-25
Hotel Elvezia,CHF 95,"7.8
Scored 7.8",Good,382,Lavorgo,2024-05-25
Hotel Allegro Einsiedeln,CHF 219,"8.1
Scored 8.1",Very Good,761,Einsiedeln,2024-05-25
Cresta Hotel,CHF 140,"7.7
Scored 7.7",Good,352,Klosters,2024-05-25
Hotel de l’Ours Preles,CHF 247,"9.5
Scored 9.5",Exceptional,"1,041",Prêles,2024-05-25
ibis Winterthur City,CHF 124,"7.3
Scored 7.3",Good,951,Winterthur,2024-05-25
Aparthotel Adagio Basel City,CHF 139,"8.3
Scored 8.3",Very Good,"1,541","Clara, Basel",2024-05-25
Beausite Park Hotel & Spa,CHF 328,"8.9
Scored 8.9",Excellent,346,Wengen,2024-05-25
Sommerau-Ticino Swiss Quality Hotel,CHF 104,"7.5
Scored 7.5",Good,645,Dietikon,2024-05-25
Hôtel des Bains de Saillon,CHF 246,"8.4
Scored 8.4",Very Good,"1,289",Saillon,2024-05-25
CP Resort,CHF 103,"8.4
Scored 8.4",Very Good,597,Taverne,2024-05-25
Gstaad Saanenland Youth Hostel,CHF 62,"8.4
Scored 8.4",Very Good,520,"Saanen, Gstaad",2024-05-25
Elite,CHF 175,"8.4
Scored 8.4",Very Good,"2,331","Lausanne Center, Lausanne",2024-05-25
Hotel Lido Seegarten,CHF 181,"8.5
Scored 8.5",Very Good,"2,666",Lugano,2024-05-25
Leonardo Boutique Hotel Rigihof Zurich,CHF 219,"7.1
Scored 7.1",Good,"3,889","Oberstrass, Zurich",2024-05-25
Chromotel self check-in,CHF 121,"7.3
Scored 7.3",Good,925,Mezzovico,2024-05-25
"Radisson Blu Hotel, St. Gallen",CHF 204,"7.9
Scored 7.9",Good,"1,700",St. Gallen,2024-05-25
Hotel Terminus,CHF 195,"7.9
Scored 7.9",Good,282,Samedan,2024-05-25
ADLER Boutique Hotel,CHF 169,"8.5
Scored 8.5",Very Good,"1,010",Murten,2024-05-25
Hôtel des Patients,CHF 179,"8.8
Scored 8.8",Excellent,"3,489",Lausanne,2024-05-25
Mercure Fribourg Centre Remparts,CHF 157,"7.8
Scored 7.8",Good,"1,563",Fribourg,2024-05-25
Au Vieux Champex,CHF 122,"8.7
Scored 8.7",Excellent,588,Champex,2024-05-25
Six Senses Crans-Montana,CHF 853,"9.0
Scored 9.0",Wonderful,75,Crans-Montana,2024-05-25
Hôtel de la Couronne,CHF 150,"8.3
Scored 8.3",Very Good,"1,018",Morges,2024-05-25
Royal Manotel,CHF 254,"7.9
Scored 7.9",Good,"4,719","Paquis, Geneva",2024-05-25
Moxy Lausanne City,CHF 176,"8.5
Scored 8.5",Very Good,"3,072","Lausanne Center, Lausanne",2024-05-25
Hotel Beausite,CHF 339,"8.3
Scored 8.3",Very Good,"1,711",Interlaken,2024-05-25
Boutique & Business Hotel La Tureta,CHF 166,"8.9
Scored 8.9",Excellent,"1,679",Bellinzona,2024-05-25
Hasli Lodge,CHF 117,"7.0
Scored 7.0",Good,"1,318",Meiringen,2024-05-25
House of Harmony,CHF 120,"7.9
Scored 7.9",Good,866,Stäfa,2024-05-25
Krone by b-smart,CHF 173,"7.5
Scored 7.5",Good,401,Bad Ragaz,2024-05-25
Hotel Märthof Basel,CHF 274,"9.0
Scored 9.0",Wonderful,"1,700","Old Town Grossbasel, Basel",2024-05-25
b-smart hotel Widnau,CHF 139,"8.2
Scored 8.2",Very Good,"1,018",Widnau,2024-05-25
Peanut Mountain Lodge & Le Communal,CHF 152,"7.8
Scored 7.8",Good,254,Val-d'Illiez,2024-05-25
Historic Hotel Steinbock,CHF 216,"7.7
Scored 7.7",Good,"1,257",Wilderswil,2024-05-25
Hotel San Carlo,CHF 160,"7.8
Scored 7.8",Good,"2,039","Lugano City-Centre, Lugano",2024-05-25
Casa Sheila,CHF 217,"9.1
Scored 9.1",Wonderful,71,Quartino,2024-05-25
Hotel Alexander,CHF 113,"8.4
Scored 8.4",Very Good,277,"Clara, Basel",2024-05-25
The R Apartment Zugerberg - EV Wallbox - Terrasse,CHF 438,"9.2
Scored 9.2",Wonderful,23,Geroldswil,2024-05-25
harry's home Bern-Expo,CHF 134,"8.5
Scored 8.5",Very Good,"1,477",Bern,2024-05-25
Hotel Millennium,CHF 153,"8.8
Scored 8.8",Excellent,"1,400",Locarno,2024-05-25
Anstatthotel Goldau - self-check-in,CHF 118,"7.9
Scored 7.9",Good,372,Goldau,2024-05-25
Hotel & Restaurant Schloss Schwandegg,CHF 143,"9.2
Scored 9.2",Wonderful,261,Oberstammheim,2024-05-25
Limmathof Baden - Historisches Haus & Spa,CHF 346,"8.6
Scored 8.6",Excellent,398,Baden,2024-05-25
Centra Hotel Zurich,CHF 102,"8.4
Scored 8.4",Very Good,572,Bassersdorf,2024-05-25
Best Western Plus Hotel Bahnhof,CHF 164,"8.7
Scored 8.7",Excellent,"1,082",Schaffhausen,2024-05-25
Precise Tale Seehof Davos,CHF 306,"8.5
Scored 8.5",Very Good,"1,022",Davos,2024-05-25
Hotel Unione,CHF 182,"8.1
Scored 8.1",Very Good,697,Bellinzona,2024-05-25
Hotel sleep&stay,CHF 149,"8.9
Scored 8.9",Excellent,959,Eglisau,2024-05-25
prizeotel Bern-City,CHF 115,"8.3
Scored 8.3",Very Good,"10,928","Breitenrain-Lorraine, Bern",2024-05-25
Chalet Rosa B&B,CHF 240,"8.5
Scored 8.5",Very Good,902,Lauterbrunnen,2024-05-25
Hotel Allegra,CHF 146,"8.6
Scored 8.6",Excellent,451,Zuoz,2024-05-25
Hotel Coop Tagungszentrum & Hotelpark im Grünen,CHF 147,"8.4
Scored 8.4",Very Good,735,Muttenz,2024-05-25
Belle Epoque Hotel Victoria & Apartments,CHF 170,"8.3
Scored 8.3",Very Good,"1,015",Kandersteg,2024-05-25
Modern Times Hotel Vevey,CHF 175,"8.5
Scored 8.5",Very Good,"1,714",Vevey,2024-05-25
Limmathof Baden - Boutique Haus & Spa,CHF 393,"8.7
Scored 8.7",Excellent,145,Ennetbaden,2024-05-25
B&B Restaurant Le Pernollet,CHF 112,"8.7
Scored 8.7",Excellent,222,Evionnaz,2024-05-25
Neuchâtel City Hôtel,CHF 114,"7.0
Scored 7.0",Good,"1,966",Neuchâtel,2024-05-25
Motel Steighof,CHF 94,"7.7
Scored 7.7",Good,785,Brütten,2024-05-25
E-Rooms Minusio,CHF 115,"7.3
Scored 7.3",Good,"2,807","Minusio, Locarno",2024-05-25
Novotel Lugano Paradiso,CHF 215,"8.2
Scored 8.2",Very Good,"2,164",Lugano,2024-05-25
"Holiday Inn Bern Westside, an IHG Hotel",CHF 208,"8.2
Scored 8.2",Very Good,"1,872",Bern,2024-05-25
Tertianum Residenza Hotel & Ristorante Al Parco,CHF 174,"8.4
Scored 8.4",Very Good,921,"Muralto, Locarno",2024-05-25
Scuol Youth Hostel,CHF 57,"8.5
Scored 8.5",Very Good,471,Scuol,2024-05-25
Hotel Ascona,CHF 175,"8.7
Scored 8.7",Excellent,467,Ascona,2024-05-25
Hôtel du Gd-St-Bernard,CHF 60,"8.0
Scored 8.0",Very Good,294,Liddes,2024-05-25
Hotel Drei Könige,CHF 88,"7.5
Scored 7.5",Good,"2,371",Chur,2024-05-25
Bernina Bed and Breakfast,CHF 132,"7.8
Scored 7.8",Good,724,Davos,2024-05-25
7rooms Losone,CHF 198,"8.0
Scored 8.0",Very Good,212,Losone,2024-05-25
Holidays Homes Il Folletto,CHF 117,"8.7
Scored 8.7",Excellent,188,Quartino,2024-05-25
Aparthotel Adagio Zurich City Center,CHF 303,"8.1
Scored 8.1",Very Good,"1,999","Unterstrass, Zurich",2024-05-25
Hotel Baslertor,CHF 139,"8.2
Scored 8.2",Very Good,546,Muttenz,2024-05-25
Conca Bella Boutique Hotel & Wine Experience,CHF 383,"8.5
Scored 8.5",Very Good,393,Vacallo,2024-05-25
Schäfli,CHF 82,"7.7
Scored 7.7",Good,676,Amden,2024-05-25
Hotel Uzwil,CHF 135,"8.8
Scored 8.8",Excellent,446,Uzwil,2024-05-25
Woodland Village Anzère,CHF 521,"8.9
Scored 8.9",Excellent,84,Ayent,2024-05-25
Mountain River Resort,CHF 142,"8.9
Scored 8.9",Excellent,482,Val-d'Illiez,2024-05-25
Hotel Restaurant zum goldenen Kopf,CHF 174,"8.6
Scored 8.6",Excellent,153,Bülach,2024-05-25
Schweizerhof,CHF 105,"8.2
Scored 8.2",Very Good,475,Mels,2024-05-25
Ruby Claire Hotel Geneva,CHF 171,"8.5
Scored 8.5",Very Good,"4,575","Downtown, Geneva",2024-05-25
Locanda Gandriese,CHF 98,"8.3
Scored 8.3",Very Good,323,Gandria,2024-05-25
L'ANGOLO DEI SAPORI,CHF 93,"8.2
Scored 8.2",Very Good,236,Rueun,2024-05-25
ibis budget Basel City,CHF 92,"7.5
Scored 7.5",Good,"8,243",Basel,2024-05-25
Hotel Garni Golf,CHF 208,"9.2
Scored 9.2",Wonderful,875,Ascona,2024-05-25
Adina Apartment Hotel Geneva,CHF 165,"9.1
Scored 9.1",Wonderful,524,Geneva,2024-05-25
ibis Zürich Messe Airport,CHF 134,"7.4
Scored 7.4",Good,"4,334","Oerlikon, Zurich",2024-05-25
Hotel Alpina,CHF 121,"8.9
Scored 8.9",Excellent,"1,241",Mürren,2024-05-25
Hotel Metropol,CHF 165,"8.1
Scored 8.1",Very Good,"1,024",St. Gallen,2024-05-25
The HEY HOTEL,CHF 237,"8.1
Scored 8.1",Very Good,"1,985","Central Interlaken, Interlaken",2024-05-25
"Chalet CARVE - Apartments EIGER, MOENCH and JUNGFRAU",CHF 685,"9.7
Scored 9.7",Exceptional,97,Grindelwald,2024-05-25
Basel Marriott Hotel,CHF 163,"8.6
Scored 8.6",Excellent,288,"Clara, Basel",2024-05-25
Hotel Landhaus Säntis Herisau,CHF 110,"8.4
Scored 8.4",Very Good,569,Herisau,2024-05-25
FIVE Zurich - Luxury City Resort,CHF 354,"8.7
Scored 8.7",Excellent,"2,517","Wiedikon, Zurich",2024-05-25
Hôtel des Vignes,CHF 174,"8.7
Scored 8.7",Excellent,666,Sion,2024-05-25
Eh!Toi Self Motel,CHF 132,"8.3
Scored 8.3",Very Good,589,Etoy,2024-05-25
Hotel Staubbach,CHF 173,"9.0
Scored 9.0",Wonderful,"1,658",Lauterbrunnen,2024-05-25
Hotel Europe,CHF 378,"8.3
Scored 8.3",Very Good,"1,149","Seefeld, Zurich",2024-05-25
Hotel Gasthaus Hirschen,CHF 110,"8.5
Scored 8.5",Very Good,571,Baden,2024-05-25
Hôtel Glanis,CHF 203,"8.6
Scored 8.6",Excellent,615,Gland,2024-05-25
Hotel Krone Unterstrass,CHF 165,"8.5
Scored 8.5",Very Good,"3,308","Unterstrass, Zurich",2024-05-25
Hotel one66 (free parking garage),CHF 105,"8.9
Scored 8.9",Excellent,"1,428",St. Gallen,2024-05-25
Tralala Hotel Montreux,CHF 158,"8.0
Scored 8.0",Very Good,"1,801",Montreux,2024-05-25
Boutique Hotel Schlossberg,CHF 205,"9.1
Scored 9.1",Wonderful,853,Thun,2024-05-25
Centre Loewenberg,CHF 98,"8.2
Scored 8.2",Very Good,253,Murten,2024-05-25
Autohalle Hotel,CHF 240,"9.4
Scored 9.4",Wonderful,454,Andelfingen,2024-05-25
Novotel Zurich City West,CHF 291,"8.1
Scored 8.1",Very Good,216,"Escher Wyss, Zurich",2024-05-25
Central City Hotel Rochat,CHF 208,"8.7
Scored 8.7",Excellent,"3,336","Old Town Grossbasel, Basel",2024-05-25
Boutique Hotel Josef,CHF 224,"8.0
Scored 8.0",Very Good,"2,922","Escher Wyss, Zurich",2024-05-25
Blümlisalp,CHF 115,"8.3
Scored 8.3",Very Good,479,Kandersteg,2024-05-25
Valbella Resort,CHF 194,"9.1
Scored 9.1",Wonderful,227,Lenzerheide,2024-05-25
Hotel Vadian Garni,CHF 139,"8.5
Scored 8.5",Very Good,"1,157",St. Gallen,2024-05-25
Novotel Basel City,CHF 152,"8.5
Scored 8.5",Very Good,"2,603",Basel,2024-05-25
Hotel Post Cunter Biancardi,CHF 94,"7.5
Scored 7.5",Good,381,Savognin,2024-05-25
citizenM Zürich,CHF 313,"8.5
Scored 8.5",Very Good,"3,308","Zurich Old Town - City Center, Zurich",2024-05-25
Hotel Seepark Thun,CHF 266,"8.1
Scored 8.1",Very Good,819,Thun,2024-05-25
Trip Inn Zurich Hotel,CHF 159,"7.5
Scored 7.5",Good,"3,380","Aussersihl, Zurich",2024-05-25
Hotel Garni Montaldi,CHF 199,"7.3
Scored 7.3",Good,"1,672","Muralto, Locarno",2024-05-25
Seilers Vintage Hotel & Spa,CHF 189,"8.5
Scored 8.5",Very Good,385,Kandersteg,2024-05-25
Hotel Bristol,CHF 342,"8.9
Scored 8.9",Excellent,"1,090","Saint-Gervais / des Grottes, Geneva",2024-05-25
Hotel Swiss Bellevue,CHF 116,"8.4
Scored 8.4",Very Good,742,Kreuzlingen,2024-05-25
Hotel De La Paix,CHF 198,"8.6
Scored 8.6",Excellent,"2,356","Lugano City-Centre, Lugano",2024-05-25
Regina Bed & Breakfast,CHF 113,"8.2
Scored 8.2",Very Good,386,Agno,2024-05-25
Beau Rivage Hotel,CHF 269,"8.6
Scored 8.6",Excellent,734,Neuchâtel,2024-05-25
Hotel Alpha Thun,CHF 139,"7.4
Scored 7.4",Good,"1,118",Thun,2024-05-25
Swiss Star Zurich Airport - Self Check-In,CHF 76,"6.7
Scored 6.7",Review score,"6,406",Kloten,2024-05-25
Hôtel Les Vieux Toits,CHF 133,"8.3
Scored 8.3",Very Good,798,Neuchâtel,2024-05-25
Hotel Krebs Interlaken,CHF 313,"8.4
Scored 8.4",Very Good,"1,455","Central Interlaken, Interlaken",2024-05-25
Hôtel du Chasseur,CHF 125,"8.6
Scored 8.6",Excellent,568,Enges,2024-05-25
Hotel Luzernerhof,CHF 227,"7.0
Scored 7.0",Good,930,"Old Town, Lucerne",2024-05-25
Lugano Superior Suites - Free Parking,CHF 326,"9.5
Scored 9.5",Exceptional,570,Lugano,2024-05-25
Geneva Marriott Hotel,CHF 284,"9.0
Scored 9.0",Wonderful,840,Geneva,2024-05-25
Mövenpick Hotel Basel,CHF 191,"8.7
Scored 8.7",Excellent,"1,409",Basel,2024-05-25
Hotel Blumenstein Self-Check In,CHF 112,"7.0
Scored 7.0",Good,291,Frauenfeld,2024-05-25
Hôtel Real Nyon by HappyCulture,CHF 183,"8.3
Scored 8.3",Very Good,474,Nyon,2024-05-25
Casa ViniToscani,CHF 168,"8.8
Scored 8.8",Excellent,395,Perroy,2024-05-25
Hotel Alfa,CHF 111,"7.6
Scored 7.6",Good,"1,795","Birsfelden, Basel",2024-05-25
Scarpapè,CHF 245,"9.6
Scored 9.6",Exceptional,236,Giubiasco,2024-05-25
Hotel City Locarno,CHF 163,"8.6
Scored 8.6",Excellent,"1,847",Locarno,2024-05-25
Hotel Restaurant Pizzeria Rotes Haus,CHF 81,"7.1
Scored 7.1",Good,361,Landschlacht Gemeinde Münsterlingen,2024-05-25
Carlton Lausanne Boutique Hôtel,CHF 280,"8.2
Scored 8.2",Very Good,"2,293",Lausanne,2024-05-25
Historisches Hotel Bären,CHF 167,"7.7
Scored 7.7",Good,938,Kiental,2024-05-25
Hotel Crystal Interlaken,CHF 110,"7.8
Scored 7.8",Good,"1,042","Central Interlaken, Interlaken",2024-05-25
Gasthof Enge,CHF 136,"8.2
Scored 8.2",Very Good,636,Solothurn,2024-05-25
Zurich Marriott Hotel,CHF 348,"7.8
Scored 7.8",Good,"1,692","Zurich Old Town - City Center, Zurich",2024-05-25
Hotel Ristorante Grotto Serta,CHF 125,"8.5
Scored 8.5",Very Good,467,Lamone,2024-05-25
Central Plaza,CHF 302,"8.1
Scored 8.1",Very Good,"2,938","Zurich Old Town - City Center, Zurich",2024-05-25
Sporthotel Victoria,CHF 199,"8.1
Scored 8.1",Very Good,386,Gstaad,2024-05-25
Hotel Belvedere Locarno,CHF 268,"8.9
Scored 8.9",Excellent,"1,092",Locarno,2024-05-25
Osteria Ascona,CHF 118,"8.0
Scored 8.0",Very Good,470,Ascona,2024-05-25
Davos Youth Hostel,CHF 60,"8.3
Scored 8.3",Very Good,556,Davos,2024-05-25
ibis budget Fribourg,CHF 96,"7.5
Scored 7.5",Good,"2,578",Fribourg,2024-05-25
Hotel Residence Loren - contact & contactless check-in,CHF 171,"7.5
Scored 7.5",Good,370,Uster,2024-05-25
Résidence Castel Club Leysin Parc,CHF 130,"8.3
Scored 8.3",Very Good,491,Leysin,2024-05-25
KONCEPT HOTEL Löie,CHF 172,"7.7
Scored 7.7",Good,"1,044",Münsingen,2024-05-25
Hotel ZERMAMA Zermatt,CHF 287,"9.1
Scored 9.1",Wonderful,650,Zermatt,2024-05-25
La Maisonnette,CHF 173,"9.5
Scored 9.5",Exceptional,80,Travers,2024-05-25
Hilton Geneva Hotel and Conference Centre,CHF 216,"8.0
Scored 8.0",Very Good,"2,216",Geneva,2024-05-25
Hotel la Palma au Lac,CHF 274,"8.6
Scored 8.6",Excellent,"1,749","Muralto, Locarno",2024-05-25
Soldanella,CHF 137,"8.7
Scored 8.7",Excellent,"2,045",St. Moritz,2024-05-25
Hotel Gabbani,CHF 291,"8.4
Scored 8.4",Very Good,952,"Lugano City-Centre, Lugano",2024-05-25
Hotel de la Gare,CHF 173,"8.0
Scored 8.0",Very Good,473,Sugiez,2024-05-25
Lugano Suites,CHF 236,"8.6
Scored 8.6",Excellent,511,Gravesano,2024-05-25
Hotel Engel,CHF 160,"9.0
Scored 9.0",Wonderful,803,Stans,2024-05-25
Boutique Hôtel de l'Ecu Vaudois,CHF 192,"9.1
Scored 9.1",Wonderful,237,Begnins,2024-05-25
IntercityHotel Zürich Airport,CHF 131,"8.2
Scored 8.2",Very Good,"1,996",Rümlang,2024-05-25
Design Hotel f6,CHF 222,"8.2
Scored 8.2",Very Good,"2,120","Paquis, Geneva",2024-05-25
Motel Rheinfels Park,CHF 100,"7.8
Scored 7.8",Good,382,Stein,2024-05-25
B&B ALLA PIAZZETTA DI TEGNA,CHF 205,"9.1
Scored 9.1",Wonderful,67,Tegna,2024-05-25
ibis budget Hotel Luzern City,CHF 215,"7.1
Scored 7.1",Good,"7,853",Lucerne,2024-05-25
Gast - und Kulturhaus Der Teufelhof Basel,CHF 188,"8.9
Scored 8.9",Excellent,"1,803","Vorstädte, Basel",2024-05-25
N’vY Manotel,CHF 244,"8.3
Scored 8.3",Very Good,"3,377","Paquis, Geneva",2024-05-25
Hotel-Restaurant Seegarten-Marina,CHF 144,"8.2
Scored 8.2",Very Good,"1,049",Spiez,2024-05-25
Appart'City Collection Genève Aéroport - Vernier,CHF 135,"8.9
Scored 8.9",Excellent,"1,695",Geneva,2024-05-25
H+ Hotel Zürich,CHF 247,"8.3
Scored 8.3",Very Good,"7,188","Altstetten, Zurich",2024-05-25
Chez Dodo 2534 Orvin Le Foncet,CHF 116,"8.7
Scored 8.7",Excellent,283,Evilard,2024-05-25
Magic Moments,CHF 163,"9.4
Scored 9.4",Wonderful,111,Brail,2024-05-25
Eastwest Hôtel,CHF 306,"8.7
Scored 8.7",Excellent,737,"Paquis, Geneva",2024-05-25
Zermatt Budget Rooms,CHF 253,"9.4
Scored 9.4",Wonderful,574,Zermatt,2024-05-25
Hotel Krone,CHF 130,"8.1
Scored 8.1",Very Good,"1,879",Buochs,2024-05-25
Boutique Hotel Beau-Séjour & Spa Superior,CHF 203,"9.1
Scored 9.1",Wonderful,260,Champéry,2024-05-25
Arenas Resort Victoria-Lauberhorn,CHF 228,"8.2
Scored 8.2",Very Good,"1,741",Wengen,2024-05-25
Gästehaus Schäfli,CHF 80,"8.1
Scored 8.1",Very Good,"1,279",Intschi,2024-05-25
Herisau Swiss Quality Hotel,CHF 144,"8.5
Scored 8.5",Very Good,402,Herisau,2024-05-25
Boutique Hotel de la Croix-Fédérale,CHF 229,"8.0
Scored 8.0",Very Good,464,Leukerbad,2024-05-25
Placid Hotel Design & Lifestyle Zurich,CHF 148,"8.3
Scored 8.3",Very Good,"3,047","Altstetten, Zurich",2024-05-25
Schweizerhof Zermatt - a Small Luxury Hotel,CHF 374,"9.0
Scored 9.0",Wonderful,765,"City Centre, Zermatt",2024-05-25
Engelberg Youth Hostel,CHF 50,"8.2
Scored 8.2",Very Good,219,Engelberg,2024-05-25
Boutique Hotel & Restaurant Bären Ringgenberg,CHF 86,"7.7
Scored 7.7",Good,933,Ringgenberg,2024-05-25
Hotel Restaurant Resslirytti,CHF 170,"8.4
Scored 8.4",Very Good,"1,915","Basel City Centre, Basel",2024-05-25
Hotel Montbrillant,CHF 157,"7.6
Scored 7.6",Good,"2,056","Saint-Gervais / des Grottes, Geneva",2024-05-25
Basel Youth Hostel,CHF 64,"8.5
Scored 8.5",Very Good,"1,432","Vorstädte, Basel",2024-05-25
Good Night Inn,CHF 89,"8.1
Scored 8.1",Very Good,"2,230",Brig,2024-05-25
Ristorante Del Ponte,CHF 93,"7.4
Scored 7.4",Good,465,Cugnasco,2024-05-25
"Holiday Inn Zürich Messe, an IHG Hotel",CHF 174,"8.0
Scored 8.0",Very Good,"2,635","Oerlikon, Zurich",2024-05-25
Badehotel Salina Maris – Wellness & Vintage,CHF 184,"7.7
Scored 7.7",Good,400,Mörel,2024-05-25
Hotel Tobler,CHF 231,"8.5
Scored 8.5",Very Good,789,Ascona,2024-05-25
Berghof Erlebnis AG,CHF 101,"9.1
Scored 9.1",Wonderful,91,Pfaffnau,2024-05-25
Mercure Zürich City,CHF 177,"8.2
Scored 8.2",Very Good,"5,797","Altstetten, Zurich",2024-05-25
Pullman Basel Europe,CHF 157,"8.7
Scored 8.7",Excellent,"1,308","Clara, Basel",2024-05-25
Romantik Hotel Landhaus Liebefeld,CHF 203,"8.8
Scored 8.8",Excellent,263,Bern,2024-05-25
Zak Neuhausen,CHF 112,"7.2
Scored 7.2",Good,577,Neuhausen am Rheinfall,2024-05-25
Hotel Landhaus,CHF 87,"9.0
Scored 9.0",Wonderful,420,Münster,2024-05-25
Hôtel de la Paix Lausanne,CHF 271,"8.4
Scored 8.4",Very Good,"1,874","Lausanne Center, Lausanne",2024-05-25
Deltapark Vitalresort****,CHF 320,"9.0
Scored 9.0",Wonderful,816,"Gwatt, Thun",2024-05-25
Hotel Bahnhof,CHF 74,"8.7
Scored 8.7",Excellent,"2,497","City Centre, Zermatt",2024-05-25
"Villa Sassa Hotel, Residence & Spa - Ticino Hotels Group",CHF 270,"8.1
Scored 8.1",Very Good,"1,491",Lugano,2024-05-25
Chalet Suisse Bed and Breakfast,CHF 135,"8.2
Scored 8.2",Very Good,347,Morgins,2024-05-25
Hôtel de charme la Poste,CHF 153,"8.2
Scored 8.2",Very Good,293,Anzère,2024-05-25
Charme Hotel al Torchio,CHF 250,"9.0
Scored 9.0",Wonderful,828,Ascona,2024-05-25
Immeuble Horizon,CHF 193,"8.7
Scored 8.7",Excellent,65,Les Collons,2024-05-25
Castle view,CHF 104,"7.5
Scored 7.5",Good,108,Veytaux,2024-05-25
Hotel Metzgern,CHF 192,"8.2
Scored 8.2",Very Good,453,Sarnen,2024-05-25
Historic Hotel du Pillon,CHF 237,"9.3
Scored 9.3",Wonderful,361,Les Diablerets,2024-05-25
H+ Hotel & SPA Engelberg,CHF 250,"8.0
Scored 8.0",Very Good,"3,653",Engelberg,2024-05-25
Best Western Hotel Rebstock,CHF 139,"8.8
Scored 8.8",Excellent,"1,705",Rorschacherberg,2024-05-25
Tertianum Residenza Al Lido - Appartements & Restaurant,CHF 205,"8.4
Scored 8.4",Very Good,537,Locarno,2024-05-25
ibis budget Basel Pratteln,CHF 89,"7.0
Scored 7.0",Good,"2,243",Pratteln,2024-05-25
25hours Hotel Zürich West,CHF 199,"8.6
Scored 8.6",Excellent,"1,565","Escher Wyss, Zurich",2024-05-25
Hotel Wildbach Brienz,CHF 223,"8.7
Scored 8.7",Excellent,127,Brienz,2024-05-25
Hotel Spinne Grindelwald,CHF 170,"8.7
Scored 8.7",Excellent,"1,695",Grindelwald,2024-05-25
Hotel Olympica,CHF 93,"7.9
Scored 7.9",Good,647,Brig,2024-05-25
Hôtel du Port - Free Parking - Breakfast included,CHF 130,"8.1
Scored 8.1",Very Good,495,Estavayer-le-Lac,2024-05-25
Dialoghotel Eckstein,CHF 179,"7.7
Scored 7.7",Good,413,"Baar, Zug",2024-05-25
"Auberge des Charmettes, chez Chantal et Yves",CHF 92,"7.7
Scored 7.7",Good,176,Bourg-Saint-Pierre,2024-05-25
Hotel Krone Churwalden 3 Sterne Superior,CHF 170,"9.1
Scored 9.1",Wonderful,672,Churwalden,2024-05-25
Central Swiss Quality Sporthotel,CHF 123,"8.2
Scored 8.2",Very Good,671,Davos,2024-05-25
NEW OPENING 2022 - Los Lorentes Hotel Bern City,CHF 131,"8.4
Scored 8.4",Very Good,"1,580","Mattenhof-Weissenbühl, Bern",2024-05-25
B&B HOTEL Nyon,CHF 112,"8.3
Scored 8.3",Very Good,"1,450",Nyon,2024-05-25
City-Hotel Ochsen,CHF 199,"8.6
Scored 8.6",Excellent,284,Zug,2024-05-25
Al Grottino,CHF 96,"8.2
Scored 8.2",Very Good,237,Gambarogno,2024-05-25
Garden Hotel Primavera,CHF 168,"8.0
Scored 8.0",Very Good,537,Brissago,2024-05-25
Swiss Lodge Nassa Garni,CHF 165,"8.1
Scored 8.1",Very Good,"2,600","Lugano City-Centre, Lugano",2024-05-25
Hotel La Pergola,CHF 148,"8.1
Scored 8.1",Very Good,"1,797","Mattenhof-Weissenbühl, Bern",2024-05-25
Modern apartment in Lugano,CHF 225,"8.4
Scored 8.4",Very Good,"1,835",Lugano,2024-05-25
CIP Hôtel,CHF 125,"8.3
Scored 8.3",Very Good,367,Tramelan,2024-05-25
Chalet des Alpes,CHF 173,"8.9
Scored 8.9",Excellent,463,Crans-Montana,2024-05-25
Fleur de Lis,CHF 139,"8.9
Scored 8.9",Excellent,414,Le Locle,2024-05-25
Swiss Holiday Park Resort,CHF 153,"8.1
Scored 8.1",Very Good,"2,209",Morschach,2024-05-25
ibis budget Zurich Airport,CHF 97,"7.5
Scored 7.5",Good,"9,070",Glattbrugg,2024-05-25
Hotel Soazza,CHF 132,"9.0
Scored 9.0",Wonderful,202,Soazza,2024-05-25
Boutique City Hotel Gallo,CHF 154,"8.9
Scored 8.9",Excellent,"1,203",St. Gallen,2024-05-25
Green Marmot Capsule Hotel Zürich,CHF 69,"7.4
Scored 7.4",Good,"5,195","Zurich Old Town - City Center, Zurich",2024-05-25
SET Hotel.Residence by Teufelhof Basel,CHF 306,"8.9
Scored 8.9",Excellent,"1,031","Vorstädte, Basel",2024-05-25
Lausanne Youth Hostel Jeunotel,CHF 67,"7.4
Scored 7.4",Good,"1,743",Lausanne,2024-05-25
Camping Jungfrau,CHF 121,"8.8
Scored 8.8",Excellent,799,Lauterbrunnen,2024-05-25
MEININGER Hotel Genève Centre Charmilles,CHF 55,"8.3
Scored 8.3",Very Good,"4,915","Saint-Jean and Charmilles, Geneva",2024-05-25
Baxter Hotel,CHF 135,"8.8
Scored 8.8",Excellent,"1,494",Visp,2024-05-25
Hôtel du Port,CHF 160,"8.1
Scored 8.1",Very Good,578,Villeneuve,2024-05-25
Sorell Hotel Zürichberg,CHF 257,"8.7
Scored 8.7",Excellent,"2,298","Zürichberg, Zurich",2024-05-25
Hotel Spatz,CHF 228,"8.2
Scored 8.2",Very Good,"1,391",Lucerne,2024-05-25
Marmont Hotel,CHF 261,"8.1
Scored 8.1",Very Good,786,"Downtown, Geneva",2024-05-25
Home Hotel Arosa,CHF 120,"8.5
Scored 8.5",Very Good,437,Arosa,2024-05-25
Best Western Plus Hotel Zürcherhof,CHF 251,"8.5
Scored 8.5",Very Good,"2,944","Zurich Old Town - City Center, Zurich",2024-05-25
76 The Lake House - Lugano,CHF 392,"8.9
Scored 8.9",Excellent,215,Melide,2024-05-25
ABC Swiss Quality Hotel,CHF 198,"9.0
Scored 9.0",Wonderful,"1,578",Chur,2024-05-25
Hotel Hemizeus & Iremia Spa,CHF 253,"8.9
Scored 8.9",Excellent,374,Zermatt,2024-05-25
Zurich Youth Hostel,CHF 61,"8.2
Scored 8.2",Very Good,"3,187","Wollishofen, Zurich",2024-05-25
Hotel Bernina Geneva,CHF 151,"8.7
Scored 8.7",Excellent,"3,271","Saint-Gervais / des Grottes, Geneva",2024-05-25
Sky Design Motel,CHF 119,"9.0
Scored 9.0",Wonderful,364,Kriessern,2024-05-25
Aarauerhof - Self Check-in,CHF 111,"6.6
Scored 6.6",Review score,"1,486",Aarau,2024-05-25
Les Soldanelles,CHF 95,"9.1
Scored 9.1",Wonderful,134,Salvan,2024-05-25
Lake Geneva Hotel,CHF 174,"8.2
Scored 8.2",Very Good,"1,749",Versoix,2024-05-25
Les Moucherons,CHF 189,"8.6
Scored 8.6",Excellent,251,Avenches,2024-05-25
NH Geneva City,CHF 174,"8.1
Scored 8.1",Very Good,"1,827","Saint-Gervais / des Grottes, Geneva",2024-05-25
Hotel Stille,CHF 168,"8.2
Scored 8.2",Very Good,343,St. Moritz,2024-05-25
Parkhotel Brenscino Brissago,CHF 473,"8.3
Scored 8.3",Very Good,493,Brissago,2024-05-25
Locarno Youth Hostel,CHF 67,"8.0
Scored 8.0",Very Good,595,Locarno,2024-05-25
Hotel Fravi,CHF 170,"8.7
Scored 8.7",Excellent,374,Andeer,2024-05-25
Hotel Bergidyll - Riders Haven,CHF 152,"8.1
Scored 8.1",Very Good,46,Andermatt,2024-05-25
Hotel Goldener Stern - contactless check-in,CHF 429,"8.6
Scored 8.6",Excellent,52,"Old Town, Lucerne",2024-05-25
Hotel Admiral,CHF 146,"7.1
Scored 7.1",Good,"2,115","Paquis, Geneva",2024-05-25
Hotel Traube,CHF 165,"8.4
Scored 8.4",Very Good,318,Scuol,2024-05-25
Hotel San Bernardo,CHF 310,"8.7
Scored 8.7",Excellent,266,Contra,2024-05-25
Hotel Rheinfall,CHF 104,"8.0
Scored 8.0",Very Good,51,Neuhausen am Rheinfall,2024-05-25
Elegant Apartments in Lugano,CHF 204,"9.4
Scored 9.4",Wonderful,45,Lugano,2024-05-25
Hotel della Posta,CHF 86,"7.1
Scored 7.1",Good,698,Biasca,2024-05-25
Lo Scudo di Stabio,CHF 150,"8.9
Scored 8.9",Excellent,79,Stabio,2024-05-25
Novotel Lausanne Bussigny,CHF 159,"8.0
Scored 8.0",Very Good,"2,061","Bussigny-pres-Lausanne, Lausanne",2024-05-25
Hotel Restaurant La Porte d'Octodure,CHF 109,"7.8
Scored 7.8",Good,742,Martigny-Ville,2024-05-25
Hotel Geranio Au Lac,CHF 146,"8.4
Scored 8.4",Very Good,"1,042","Muralto, Locarno",2024-05-25
Hotel Haltenegg,CHF 100,"7.5
Scored 7.5",Good,185,Heiligenschwendi,2024-05-25
Boutique Hotel Seidenhof,CHF 285,"8.9
Scored 8.9",Excellent,"1,576","Zurich Old Town - City Center, Zurich",2024-05-25
Sorell Hotel Rütli,CHF 264,"8.2
Scored 8.2",Very Good,"2,334","Zurich Old Town - City Center, Zurich",2024-05-25
Hôtel du Grand-Pré,CHF 113,"7.8
Scored 7.8",Good,379,Marly-le-Grand,2024-05-25
"Cosy Studio for 5 near ski lift, Les Gentianes",CHF 177,"8.1
Scored 8.1",Very Good,31,Les Collons,2024-05-25
MEININGER Hotel Zürich Greencity,CHF 56,"8.0
Scored 8.0",Very Good,"6,236","Wollishofen, Zurich",2024-05-25
Hotel Splendide Royal,CHF 383,"8.7
Scored 8.7",Excellent,"1,346","Lugano City-Centre, Lugano",2024-05-25
Schlosshotel - Self Check-In Hotel,CHF 92,"8.0
Scored 8.0",Very Good,"2,307",Brig,2024-05-25
Hotel Gletscherblick Grindelwald,CHF 143,"8.9
Scored 8.9",Excellent,"1,772",Grindelwald,2024-05-25
LES TOURISTES,CHF 129,"8.8
Scored 8.8",Excellent,125,Le Chatelard,2024-05-25
Hotel Europe Brig,CHF 94,"7.9
Scored 7.9",Good,"1,091",Brig,2024-05-25
Hotel Rio Garni,CHF 138,"8.5
Scored 8.5",Very Good,"1,072","Muralto, Locarno",2024-05-25
ibis Delémont,CHF 140,"8.3
Scored 8.3",Very Good,"1,229",Delémont,2024-05-25
Hotel Rössli,CHF 403,"8.4
Scored 8.4",Very Good,"1,294","Zurich Old Town - City Center, Zurich",2024-05-25
Hotel Piz St. Moritz,CHF 368,"7.8
Scored 7.8",Good,"1,844",St. Moritz,2024-05-25
rocksresort,CHF 369,"8.8
Scored 8.8",Excellent,448,Laax,2024-05-25
Hotel Adler Zürich,CHF 238,"8.8
Scored 8.8",Excellent,"2,366","Zurich Old Town - City Center, Zurich",2024-05-25
Hotel Victoria,CHF 102,"8.0
Scored 8.0",Very Good,947,Brig,2024-05-25
Yeti Lodge,CHF 189,"9.6
Scored 9.6",Exceptional,21,Sedrun,2024-05-25
Hotel Walliserhof Zermatt,CHF 434,"8.9
Scored 8.9",Excellent,"1,670","City Centre, Zermatt",2024-05-25
Glärnischhof by TRINITY,CHF 325,"8.1
Scored 8.1",Very Good,"4,913","Enge, Zurich",2024-05-25
Hotel Crusch Alba Zernez,CHF 180,"9.1
Scored 9.1",Wonderful,"1,045",Zernez,2024-05-25
Berghotel Chäserstatt,CHF 414,"9.0
Scored 9.0",Wonderful,267,Ernen,2024-05-25
Hotel Eastside (free parking garage),CHF 124,"8.6
Scored 8.6",Excellent,"1,140",St. Gallen,2024-05-25
Hotel Schweizerhof Sta Maria,CHF 125,"7.9
Scored 7.9",Good,261,Santa Maria Val Müstair,2024-05-25
Hôtel l’escale,CHF 88,"6.8
Scored 6.8",Review score,35,Le Châble,2024-05-25
Hotel Weisses Rössli,CHF 132,"8.1
Scored 8.1",Very Good,"1,092",Göschenen,2024-05-25
Eiger Guesthouse,CHF 130,"8.8
Scored 8.8",Excellent,882,Mürren,2024-05-25
Grand Hotel et Centre Thermal d'Yverdon-les-Bains,CHF 164,"7.9
Scored 7.9",Good,"3,303",Yverdon-les-Bains,2024-05-25
Hotel Kreuz,CHF 165,"8.0
Scored 8.0",Very Good,834,Leissigen,2024-05-25
Adhhoc Hotel,CHF 112,"7.9
Scored 7.9",Good,402,Naters,2024-05-25
Hôtel Cailler & Bains de la Gruyère,CHF 378,"8.8
Scored 8.8",Excellent,"1,316",Charmey,2024-05-25
Hotel Waldegg - Adults only,CHF 570,"9.4
Scored 9.4",Wonderful,243,Engelberg,2024-05-25
Hotel Scheuble,CHF 276,"8.5
Scored 8.5",Very Good,"3,003","Zurich Old Town - City Center, Zurich",2024-05-25
Garni Elisabetta,CHF 87,"8.0
Scored 8.0",Very Good,241,Gordola,2024-05-25
Alaïa Lodge,CHF 105,"8.8
Scored 8.8",Excellent,"1,129",Crans-Montana,2024-05-25
Auberge de l'Ange,CHF 143,"8.4
Scored 8.4",Very Good,171,Albeuve,2024-05-25
CURUNA Hotel-Garni,CHF 90,"8.3
Scored 8.3",Very Good,679,Scuol,2024-05-25
Hotel Sternen,CHF 104,"7.8
Scored 7.8",Good,274,Aarau,2024-05-25
Alpenclub,CHF 315,"8.7
Scored 8.7",Excellent,426,Engelberg,2024-05-25
Silvretta Parkhotel,CHF 235,"8.2
Scored 8.2",Very Good,309,Klosters,2024-05-25
Crêt-Bérard,CHF 70,"8.5
Scored 8.5",Very Good,390,Puidoux,2024-05-25
Hotel Albani,CHF 42,"8.0
Scored 8.0",Very Good,464,Winterthur,2024-05-25
Les Mazots du Clos,CHF 510,"9.1
Scored 9.1",Wonderful,249,Villars-sur-Ollon,2024-05-25
Auberge le Mont-Gelé,CHF 94,"8.3
Scored 8.3",Very Good,63,Iserables,2024-05-25
Hotel Restaurant Bellevue au Lac,CHF 174,"8.5
Scored 8.5",Very Good,774,"Hilterfingen, Thun",2024-05-25
"Cosy studio for 5 near ski lift, HAMEAU D2",CHF 180,"8.3
Scored 8.3",Very Good,27,Les Collons,2024-05-25
Suitenhotel Parco Paradiso,CHF 296,"8.5
Scored 8.5",Very Good,"1,945",Lugano,2024-05-25
Cèc & Evita,CHF 145,"9.2
Scored 9.2",Wonderful,80,Roveredo,2024-05-25
Hotel Ristorante Camoghe,CHF 85,"7.7
Scored 7.7",Good,369,Isone,2024-05-25
Hotel UTO KULM car-free hideaway in Zurich,CHF 177,"8.4
Scored 8.4",Very Good,"1,576","Uetliberg, Zurich",2024-05-25
Hotel Astoria,CHF 125,"8.0
Scored 8.0",Very Good,"1,842",Olten,2024-05-25
BnB Erlach,CHF 117,"8.0
Scored 8.0",Very Good,319,Erlach,2024-05-25
Sorell Hotel Rex,CHF 188,"7.9
Scored 7.9",Good,"2,271","Unterstrass, Zurich",2024-05-25
Schloss Wartensee,CHF 128,"7.9
Scored 7.9",Good,867,Rorschacherberg,2024-05-25
Hotel Alte Post Bonaduz,CHF 190,"9.4
Scored 9.4",Wonderful,814,Bonaduz,2024-05-25
Tiffany Hotel,CHF 226,"8.3
Scored 8.3",Very Good,915,"Jonction, Geneva",2024-05-25
Pure Comfort! Entire Apartment with Abundant Space near Zermatt,CHF 264,"8.4
Scored 8.4",Very Good,25,Täsch,2024-05-25
Grand Hôtel Les Endroits,CHF 254,"8.3
Scored 8.3",Very Good,293,La Chaux-de-Fonds,2024-05-25
Hotel Victoria,CHF 171,"8.8
Scored 8.8",Excellent,"2,380",Basel,2024-05-25
Historisches Italienisches Hotel Piz Ela Bergün,CHF 84,"8.3
Scored 8.3",Very Good,339,Bergün,2024-05-25
Hotel Rousseau,CHF 173,"7.9
Scored 7.9",Good,"1,908","Saint-Gervais / des Grottes, Geneva",2024-05-25
Bogentrakt,CHF 147,"8.6
Scored 8.6",Excellent,819,Chur,2024-05-25
Aarau West Swiss Quality Hotel,CHF 142,"8.1
Scored 8.1",Very Good,286,Oberentfelden,2024-05-25
IntercityHotel Geneva,CHF 131,"8.5
Scored 8.5",Very Good,401,Geneva,2024-05-25
Hotel Limmatblick,CHF 244,"7.6
Scored 7.6",Good,"2,222","Zurich Old Town - City Center, Zurich",2024-05-25
GAIA Hotel Basel - the sustainable 4 star hotel,CHF 158,"8.9
Scored 8.9",Excellent,"1,003",Basel,2024-05-25
Kloster Dornach / Basel,CHF 74,"8.4
Scored 8.4",Very Good,774,Dornach,2024-05-25
Casa Lara Preonzo,CHF 158,"9.1
Scored 9.1",Wonderful,271,Preonzo,2024-05-25
"Dihei - Hotel, Lounge, Bar",CHF 113,"8.6
Scored 8.6",Excellent,"1,072","Dübendorf, Dübendorf",2024-05-25
Hotel by Hyve Basel,CHF 178,"8.7
Scored 8.7",Excellent,"1,250",Basel,2024-05-25
Bern Backpackers Hotel Glocke,CHF 47,"8.3
Scored 8.3",Very Good,"2,495","Old City of Bern, Bern",2024-05-25
Hotel-Restaurant Eyholz,CHF 100,"7.8
Scored 7.8",Good,358,Visp,2024-05-25
Casa Scerina,CHF 227,"7.8
Scored 7.8",Good,99,Sementina,2024-05-25
B&B Bären,CHF 90,"8.8
Scored 8.8",Excellent,399,Rüeggisberg,2024-05-25
Hotel Bellevue,CHF 174,"8.5
Scored 8.5",Very Good,763,San Bernardino,2024-05-25
B&B Les Acacias,CHF 138,"9.3
Scored 9.3",Wonderful,207,Le Châble,2024-05-25
BnB Claudy et Elizabeth Michellod-Dutheil,CHF 48,"8.5
Scored 8.5",Very Good,244,Le Châble,2024-05-25
Kipling Manotel,CHF 194,"8.7
Scored 8.7",Excellent,"2,538","Paquis, Geneva",2024-05-25
Hotel Sursee,CHF 129,"8.2
Scored 8.2",Very Good,"1,329",Sursee,2024-05-25
Hotel Bristol Verbier,CHF 140,"8.6
Scored 8.6",Excellent,945,Verbier,2024-05-25
B & B Brienz,CHF 185,"8.8
Scored 8.8",Excellent,"1,215",Brienz,2024-05-25
Zug Youth Hostel,CHF 52,"8.6
Scored 8.6",Excellent,514,Zug,2024-05-25
Hotel St.Gotthard,CHF 342,"7.5
Scored 7.5",Good,"2,558","Zurich Old Town - City Center, Zurich",2024-05-25
"Crowne Plaza Geneva, an IHG Hotel",CHF 289,"8.4
Scored 8.4",Very Good,"1,253",Geneva,2024-05-25
B&B HOTEL Oftringen,CHF 141,"8.0
Scored 8.0",Very Good,"1,448",Oftringen,2024-05-25
Hotel Engel Business & Lifestyle,CHF 185,"8.2
Scored 8.2",Very Good,366,Liestal,2024-05-25
Geneva Hostel,CHF 48,"7.9
Scored 7.9",Good,"6,368","Paquis, Geneva",2024-05-25
Hotel Höri Inn,CHF 104,"7.3
Scored 7.3",Good,996,Höri,2024-05-25
Binario 934 Boutique Hotel,CHF 192,"9.0
Scored 9.0",Wonderful,673,"Muralto, Locarno",2024-05-25
Grand Hotel Villa Castagnola,CHF 496,"9.1
Scored 9.1",Wonderful,803,Lugano,2024-05-25
Hotel Amaris,CHF 220,"8.2
Scored 8.2",Very Good,"1,307",Olten,2024-05-25
Hotel Oberland,CHF 382,"8.3
Scored 8.3",Very Good,"1,953",Lauterbrunnen,2024-05-25
Panorama apartment for 2 near Zermatt,CHF 210,"8.3
Scored 8.3",Very Good,27,Täsch,2024-05-25
Hôtel Alpina - Swiss Ski & Bike Lodge Grimentz,CHF 121,"8.5
Scored 8.5",Very Good,770,Grimentz,2024-05-25
Defanti,CHF 88,"8.1
Scored 8.1",Very Good,864,Lavorgo,2024-05-25
"Rêves Gourmands, Hôtellerie & Gastronomie",CHF 150,"9.2
Scored 9.2",Wonderful,263,Vernayaz,2024-05-25
Rotonda,CHF 117,"7.7
Scored 7.7",Good,371,Gordola,2024-05-25
Hôtel Terminus,CHF 95,"8.4
Scored 8.4",Very Good,846,Orsières,2024-05-25
Piccolo Hotel,CHF 114,"9.0
Scored 9.0",Wonderful,936,"Muralto, Locarno",2024-05-25
Gîte Chez Toinette,CHF 138,"9.6
Scored 9.6",Exceptional,344,Saignelégier,2024-05-25
Evi's Home Hotel & Apartments,CHF 281,"8.8
Scored 8.8",Excellent,833,"Breitenrain-Lorraine, Bern",2024-05-25
Airport Hotel Basel - Convenient & Friendly,CHF 128,"8.5
Scored 8.5",Very Good,"1,645","St. Johann, Basel",2024-05-25
Beau-Rivage Genève,CHF 706,"9.0
Scored 9.0",Wonderful,474,"Paquis, Geneva",2024-05-25
Hotel Schützen Lauterbrunnen,CHF 133,"6.9
Scored 6.9",Review score,"1,518",Lauterbrunnen,2024-05-25
Hotel Stockalperhof,CHF 220,"8.4
Scored 8.4",Very Good,971,Brig,2024-05-25
The Hide Flims Hotel a member of DESIGN HOTELS,CHF 212,"8.7
Scored 8.7",Excellent,"1,661",Flims,2024-05-25
ibis Lausanne Centre,CHF 179,"7.8
Scored 7.8",Good,"5,425",Lausanne,2024-05-25
"Kameha Grand Zurich, Autograph Collection",CHF 183,"7.8
Scored 7.8",Good,"1,173",Glattbrugg,2024-05-25
Hotel Rotary Geneva - MGallery,CHF 284,"8.5
Scored 8.5",Very Good,837,"Saint-Gervais / des Grottes, Geneva",2024-05-25
Walliserhof Grand-Hotel & Spa Relais & Châteaux,CHF 404,"9.0
Scored 9.0",Wonderful,326,Saas-Fee,2024-05-25
Mövenpick Hotel Lausanne Lake,CHF 268,"7.9
Scored 7.9",Good,"1,543",Lausanne,2024-05-25
Hotel Central Am See - Beau Rivage Collection,CHF 234,"8.0
Scored 8.0",Very Good,521,Weggis,2024-05-25
B&B Guest House Du Lac,CHF 125,"8.0
Scored 8.0",Very Good,"2,627",Montreux,2024-05-25
The Passage - Urban Retreat,CHF 175,"8.8
Scored 8.8",Excellent,"1,480","Vorstädte, Basel",2024-05-25
Auberge de la poste,CHF 97,"8.4
Scored 8.4",Very Good,336,Les Diablerets,2024-05-25
Marktgasse Hotel,CHF 204,"8.5
Scored 8.5",Very Good,"1,158","Zurich Old Town - City Center, Zurich",2024-05-25
Plaza Hotel Winterthur,CHF 142,"7.8
Scored 7.8",Good,"1,006",Winterthur,2024-05-25
Mountain Hostel Gimmelwald,CHF 54,"8.6
Scored 8.6",Excellent,459,Gimmelwald,2024-05-25
Tulip Inn Beaulieu Lausanne,CHF 167,"8.0
Scored 8.0",Very Good,912,Lausanne,2024-05-25
Bürgenstock Hotel & Alpine Spa,"CHF 1,256","9.4
Scored 9.4",Wonderful,953,Bürgenstock,2024-05-25
Base Vevey,CHF 257,"9.2
Scored 9.2",Wonderful,547,Vevey,2024-05-25
Hôtel du Marché,CHF 176,"7.1
Scored 7.1",Good,"3,357",Lausanne,2024-05-25
ibis budget Genève Aéroport,CHF 115,"7.9
Scored 7.9",Good,"5,993",Geneva,2024-05-25
Mercure Geneva Airport,CHF 122,"8.5
Scored 8.5",Very Good,"1,619",Geneva,2024-05-25
Melchtal Resort Apart Hotel,CHF 189,"8.6
Scored 8.6",Excellent,382,Melchtal,2024-05-25
Sport- und Ferienhaus Don Bosco,CHF 114,"8.6
Scored 8.6",Excellent,170,Lenzerheide,2024-05-25
Sorell Hotel Seefeld,CHF 309,"8.4
Scored 8.4",Very Good,"2,030","Seefeld, Zurich",2024-05-25
Seerausch Swiss Quality Hotel,CHF 180,"8.2
Scored 8.2",Very Good,"3,232",Beckenried,2024-05-25
Hôtel de la Poste Martigny - City Center,CHF 109,"7.6
Scored 7.6",Good,"1,486",Martigny-Ville,2024-05-25
Hotel Euler Basel,CHF 157,"8.1
Scored 8.1",Very Good,"1,344",Basel,2024-05-25
HERMITAGE Lake Lucerne - Beach Club & Lifestyle Hotel,CHF 487,"8.8
Scored 8.8",Excellent,"1,479",Lucerne,2024-05-25
Hotel GRACE LA MARGNA ST MORITZ,CHF 807,"9.3
Scored 9.3",Wonderful,49,St. Moritz,2024-05-25
Downtown Family&Friends,CHF 265,"7.8
Scored 7.8",Good,736,"Central Interlaken, Interlaken",2024-05-25
Hôtel de Gruyères,CHF 163,"8.1
Scored 8.1",Very Good,"1,286",Gruyères,2024-05-25
Business Hotel First,CHF 146,"8.1
Scored 8.1",Very Good,526,Feusisberg,2024-05-25
Hotel Montana,CHF 173,"7.5
Scored 7.5",Good,798,"Saint-Gervais / des Grottes, Geneva",2024-05-25
Mövenpick Hotel Egerkingen,CHF 142,"7.7
Scored 7.7",Good,"1,595",Egerkingen,2024-05-25
Le Chamois,CHF 121,"7.8
Scored 7.8",Good,616,Les Diablerets,2024-05-25
Hauser Hotel St. Moritz,CHF 373,"8.8
Scored 8.8",Excellent,"1,138",St. Moritz,2024-05-25
ibis Geneve Centre Lac,CHF 163,"7.9
Scored 7.9",Good,"5,513","Paquis, Geneva",2024-05-25
Hotel Kronenhof,CHF 252,"8.3
Scored 8.3",Very Good,"1,488",Schaffhausen,2024-05-25
Sorell Hotel St. Peter,CHF 398,"9.1
Scored 9.1",Wonderful,"1,420","Zurich Old Town - City Center, Zurich",2024-05-25
Towerhotel,CHF 78,"7.9
Scored 7.9",Good,263,Waldkirch,2024-05-25
Hotel D Geneva,CHF 241,"8.5
Scored 8.5",Very Good,"1,625","Paquis, Geneva",2024-05-25
"Center, Sauna - Haus LINARIA",CHF 195,"9.0
Scored 9.0",Wonderful,108,Leukerbad,2024-05-25
Hotel Rheinfelderhof,CHF 103,"7.3
Scored 7.3",Good,"2,690","Clara, Basel",2024-05-25
Edelweiss Manotel,CHF 264,"8.6
Scored 8.6",Excellent,"1,783","Paquis, Geneva",2024-05-25
Park Hotel Principe - Ticino Hotels Group,CHF 254,"7.9
Scored 7.9",Good,"1,306",Lugano,2024-05-25
Hotel Stadthaus,CHF 233,"9.1
Scored 9.1",Wonderful,382,Burgdorf,2024-05-25
Sheraton Zürich Hotel,CHF 241,"7.8
Scored 7.8",Good,"1,154","Escher Wyss, Zurich",2024-05-25
Hotel-Restaurant Löwen,CHF 166,"8.3
Scored 8.3",Very Good,237,Dielsdorf,2024-05-25
B&B Chasa Arfusch,CHF 106,"9.0
Scored 9.0",Wonderful,215,Ardez,2024-05-25
Swiss-Chalet Merlischachen - Historik Chalet-Hotel Lodge,CHF 107,"8.4
Scored 8.4",Very Good,628,Küssnacht,2024-05-25
Self- Check- In Hotel Regina Beatenberg,CHF 99,"7.1
Scored 7.1",Good,759,Beatenberg,2024-05-25
Hotel de France,CHF 85,"7.6
Scored 7.6",Good,651,La Chaux-de-Fonds,2024-05-25
Hotel Restaurant Seegarten,CHF 133,"8.4
Scored 8.4",Very Good,741,Arbon,2024-05-25
NEW OPENING 2022 - Los Lorentes Apartments Bern City,CHF 129,"8.7
Scored 8.7",Excellent,"1,515","Mattenhof-Weissenbühl, Bern",2024-05-25
La Dent-du-Midi Hôtel & Restaurant,CHF 87,"7.9
Scored 7.9",Good,977,Saint-Maurice,2024-05-25
Kurhaus Lenzerheide,CHF 155,"8.2
Scored 8.2",Very Good,997,Lenzerheide,2024-05-25
Auteuil Manotel,CHF 254,"7.9
Scored 7.9",Good,"2,192","Paquis, Geneva",2024-05-25
B&B Kelly Plus,CHF 154,"8.4
Scored 8.4",Very Good,27,Lausanne,2024-05-25
"Magic CHALET near Como lake, parking, total privacy",CHF 117,"8.6
Scored 8.6",Excellent,219,Morbio Inferiore,2024-05-25
Hotel City Inn Basel,CHF 130,"7.2
Scored 7.2",Good,"1,885",Basel,2024-05-25
Courtyard by Marriott Zurich North,CHF 181,"7.8
Scored 7.8",Good,"1,238","Oerlikon, Zurich",2024-05-25
ibis 3 Lacs Neuchâtel,CHF 129,"7.7
Scored 7.7",Good,"1,007",Thielle-Wavre,2024-05-25
Osteria Ticino by Ketty & Tommy,CHF 111,"8.4
Scored 8.4",Very Good,745,Ascona,2024-05-25
Hotel Seeblick,CHF 70,"8.4
Scored 8.4",Very Good,742,Sufers,2024-05-25
ibis budget Winterthur,CHF 93,"7.0
Scored 7.0",Good,"1,701",Winterthur,2024-05-25
Hotel & Bildungshaus St. Jodern,CHF 78,"8.1
Scored 8.1",Very Good,"1,142",Visp,2024-05-25
Riders Hotel,CHF 276,"8.7
Scored 8.7",Excellent,707,Laax,2024-05-25
smartroom hotel Rössli Hunzenschwil,CHF 135,"7.5
Scored 7.5",Good,413,Hunzenschwil,2024-05-25
Les Armures,CHF 403,"9.2
Scored 9.2",Wonderful,926,"Downtown, Geneva",2024-05-25
Hotel Rebstock Meiringen,CHF 53,"7.7
Scored 7.7",Good,57,Meiringen,2024-05-25
Chesa Languard,CHF 134,"8.4
Scored 8.4",Very Good,"1,147",St. Moritz,2024-05-25
Stoos Lodge,CHF 240,"9.0
Scored 9.0",Wonderful,684,Stoos,2024-05-25
Hotel Châlet Du Lac,CHF 118,"8.9
Scored 8.9",Excellent,"1,101",Iseltwald,2024-05-25
Hotel Neu-Schönstatt,CHF 262,"8.6
Scored 8.6",Excellent,"1,070",Quarten,2024-05-25
Best Western Plus Hotel Bern,CHF 188,"8.6
Scored 8.6",Excellent,"4,029","Old City of Bern, Bern",2024-05-25
Tiny de l'Aigle,CHF 152,"9.4
Scored 9.4",Wonderful,41,Villeret,2024-05-25
Catrina Lodge,CHF 64,"8.3
Scored 8.3",Very Good,946,Disentis,2024-05-25
Hotel Restaurant Kutchi,CHF 144,"7.5
Scored 7.5",Good,142,Bellevue,2024-05-25
Hotel Schweizerhof,CHF 148,"8.6
Scored 8.6",Excellent,908,Engelberg,2024-05-25
Fairmont Grand Hotel Geneva,CHF 726,"8.1
Scored 8.1",Very Good,728,"Paquis, Geneva",2024-05-25
Hotel Lavaux,CHF 113,"8.2
Scored 8.2",Very Good,"2,130",Cully,2024-05-25
Hotel Wettstein,CHF 128,"8.7
Scored 8.7",Excellent,"2,302","Basel City Centre, Basel",2024-05-25
THE FLAG Zürich,CHF 182,"8.2
Scored 8.2",Very Good,"2,922","Altstetten, Zurich",2024-05-25
Hôtel Le Funi de Cossonay,CHF 165,"8.2
Scored 8.2",Very Good,262,Cossonay,2024-05-25
First Lodge,CHF 78,"8.0
Scored 8.0",Very Good,878,Grindelwald,2024-05-25
Hotel al Ponte Antico,CHF 164,"8.9
Scored 8.9",Excellent,331,Intragna,2024-05-25
See- und Seminarhotel FloraAlpina Vitznau,CHF 165,"8.6
Scored 8.6",Excellent,"1,156",Vitznau,2024-05-25
Bergwelt Grindelwald - Alpine Design Resort,CHF 586,"9.0
Scored 9.0",Wonderful,"2,464",Grindelwald,2024-05-25
Hotel Victoria,CHF 120,"6.7
Scored 6.7",Review score,"2,933",Lugano,2024-05-25
Hotel Il Castagno,CHF 125,"8.5
Scored 8.5",Very Good,523,Mugena,2024-05-25
Hotel Limmathof,CHF 160,"7.5
Scored 7.5",Good,"4,584","Zurich Old Town - City Center, Zurich",2024-05-25
Hotel Simi,CHF 293,"8.5
Scored 8.5",Very Good,411,"City Centre, Zermatt",2024-05-25
Fred Guest House Zürich Hauptbahnhof,CHF 187,"8.0
Scored 8.0",Very Good,"2,607","Zurich Old Town - City Center, Zurich",2024-05-25
Hotel Franziskaner,CHF 86,"7.4
Scored 7.4",Good,"1,646",Chur,2024-05-25
Hotel Arc-en-ciel Gstaad,CHF 257,"8.9
Scored 8.9",Excellent,"1,000",Gstaad,2024-05-25
Lai Lifestyle Hotel,CHF 135,"8.4
Scored 8.4",Very Good,976,Lenzerheide,2024-05-25
Hotel Fassbind Beausite,CHF 129,"9.0
Scored 9.0",Wonderful,202,Beatenberg,2024-05-25
L'hôtât di loup,CHF 116,"8.9
Scored 8.9",Excellent,56,Courtedoux,2024-05-25
Hotel Cervo,CHF 179,"8.4
Scored 8.4",Very Good,"1,184",Sils Maria,2024-05-25
Lake Modern Suites - Free Parking,CHF 280,"9.5
Scored 9.5",Exceptional,544,Lugano,2024-05-25
Hôtel Des Arts,CHF 141,"8.1
Scored 8.1",Very Good,"1,946",Neuchâtel,2024-05-25
ibis Bulle - La Gruyère,CHF 118,"7.9
Scored 7.9",Good,"1,284",Bulle,2024-05-25
Renaissance Zurich Tower Hotel,CHF 303,"7.9
Scored 7.9",Good,"1,223","Escher Wyss, Zurich",2024-05-25
Hotel dell'Angelo,CHF 157,"7.2
Scored 7.2",Good,"3,554",Locarno,2024-05-25
Opera Hotel Zürich,CHF 284,"8.0
Scored 8.0",Very Good,"2,356","Seefeld, Zurich",2024-05-25
Hôtel Bellevue,CHF 138,"7.9
Scored 7.9",Good,405,Porrentruy,2024-05-25
ibis budget Zurich City West,CHF 118,"6.8
Scored 6.8",Review score,"4,786","Escher Wyss, Zurich",2024-05-25
Funny Farm Backpackers,CHF 35,"7.5
Scored 7.5",Good,"2,806",Interlaken,2024-05-25
Hotel Berchtold,CHF 126,"8.6
Scored 8.6",Excellent,"1,234",Burgdorf,2024-05-25
Auberge des Grands Bois,CHF 166,"8.6
Scored 8.6",Excellent,"1,126",Buchillon,2024-05-25
Hotel Dom,CHF 137,"8.7
Scored 8.7",Excellent,630,St. Gallen,2024-05-25
Sorell Hotel City Weissenstein - Boutique Hotel,CHF 232,"9.0
Scored 9.0",Wonderful,830,St. Gallen,2024-05-25
Hotel Gerig,CHF 98,"8.4
Scored 8.4",Very Good,815,Wassen,2024-05-25
Simple Rooms - Yellow Inn,CHF 85,"8.5
Scored 8.5",Very Good,"1,763",St. Gallen,2024-05-25
Hotel Parc & Lac,CHF 106,"7.4
Scored 7.4",Good,"3,122","Montreux City Centre, Montreux",2024-05-25
"Hotel Egerkingen, idealer Zwischenstopp",CHF 122,"7.9
Scored 7.9",Good,879,Egerkingen,2024-05-25
Crazy Lounge BnB,CHF 109,"7.5
Scored 7.5",Good,352,Aigle,2024-05-25
Mövenpick Hotel & Casino Geneva,CHF 188,"7.8
Scored 7.8",Good,839,Geneva,2024-05-25
Hotel Reine Victoria by Laudinella,CHF 274,"8.2
Scored 8.2",Very Good,829,St. Moritz,2024-05-25
Hotel Metropol Basel,CHF 166,"7.8
Scored 7.8",Good,993,Basel,2024-05-25
Hotel Metropol Basel,CHF 166,"7.8
Scored 7.8",Good,993,Basel,2024-05-25
Alpenblick Hotel & Restaurant Wilderswil by Interlaken,CHF 302,"8.1
Scored 8.1",Very Good,585,Wilderswil,2024-05-25
Hotel Gasthof Kreuz,CHF 95,"8.7
Scored 8.7",Excellent,108,Welschenrohr,2024-05-25
Hôtel de Fully,CHF 102,"9.0
Scored 9.0",Wonderful,702,Fully,2024-05-25
Residenza 3544,CHF 149,"9.1
Scored 9.1",Wonderful,172,Lumino,2024-05-25
Hotel Seehof,CHF 168,"8.8
Scored 8.8",Excellent,708,Valbella,2024-05-25
ibis Fribourg,CHF 113,"7.6
Scored 7.6",Good,950,Fribourg,2024-05-25
Hôtel de Ville,CHF 93,"8.4
Scored 8.4",Very Good,617,Chateau-d'Oex,2024-05-25
Hotel Belair,CHF 104,"7.9
Scored 7.9",Good,937,Wallisellen,2024-05-25
Hotel Alexander Zurich Old Town,CHF 239,"8.5
Scored 8.5",Very Good,"1,836","Zurich Old Town - City Center, Zurich",2024-05-25
Zappa Lake Lodge,CHF 86,"7.9
Scored 7.9",Good,"1,030",Brusino Arsizio,2024-05-25
Albergo Elvezia,CHF 233,"7.4
Scored 7.4",Good,414,Rivera,2024-05-25
Boutique Hotel Seegarten,CHF 264,"8.6
Scored 8.6",Excellent,"1,087","Seefeld, Zurich",2024-05-25
Hotel Rätia,CHF 63,"7.8
Scored 7.8",Good,614,Ilanz,2024-05-25
K BUSINESS,CHF 215,"8.2
Scored 8.2",Very Good,366,Zuchwil,2024-05-25
Casa Tödi Restaurant Hotel,CHF 163,"8.3
Scored 8.3",Very Good,174,Trun,2024-05-25
Hôtel Longemalle,CHF 433,"8.5
Scored 8.5",Very Good,"1,330","Downtown, Geneva",2024-05-25
Domaine de Châteauvieux,CHF 348,"9.0
Scored 9.0",Wonderful,136,Peney-Dessus,2024-05-25
Bed & Breakfast Region Murtensee,CHF 177,"9.3
Scored 9.3",Wonderful,169,Münchenwiler,2024-05-25
Le Bristol Leukerbad,CHF 225,"8.1
Scored 8.1",Very Good,"1,322",Leukerbad,2024-05-25
Montreux Youth Hostel,CHF 59,"8.3
Scored 8.3",Very Good,583,Montreux,2024-05-25
Hôtel Restaurant Port-Conty,CHF 197,"8.3
Scored 8.3",Very Good,974,Saint Aubin Sauges,2024-05-25
Hotel Ländli,CHF 132,"8.3
Scored 8.3",Very Good,574,Oberägeri,2024-05-25
Hotel D Bulle - La Gruyère,CHF 226,"8.9
Scored 8.9",Excellent,780,Bulle,2024-05-25
Chalet le Joyau,CHF 697,"9.4
Scored 9.4",Wonderful,18,Nendaz,2024-05-25
WELCOME HOTEL - Hellbühl,CHF 76,"7.2
Scored 7.2",Good,533,Hellbühl,2024-05-25
Lake Lodge Hostel,CHF 150,"8.2
Scored 8.2",Very Good,"1,436",Iseltwald,2024-05-25
Hôtel Chalet Royal,CHF 171,"7.8
Scored 7.8",Good,866,Veysonnaz,2024-05-25
Solothurn Youth Hostel,CHF 51,"7.9
Scored 7.9",Good,167,Solothurn,2024-05-25
Whitepod Original,CHF 417,"8.9
Scored 8.9",Excellent,484,Monthey,2024-05-25
Grischa - Das Hotel Davos,CHF 154,"8.9
Scored 8.9",Excellent,523,Davos,2024-05-25
Hotel Roc et Neige,CHF 98,"7.6
Scored 7.6",Good,807,Chateau-d'Oex,2024-05-25
Hotel International & Terminus,CHF 189,"7.7
Scored 7.7",Good,"2,033","Paquis, Geneva",2024-05-25
B&B Le Phare,CHF 74,"7.9
Scored 7.9",Good,323,Bouveret,2024-05-25
Anstatthotel Schafisheim - self-check-in,CHF 97,"8.3
Scored 8.3",Very Good,792,Schafisheim,2024-05-25
Le Leman Hotel,CHF 123,"7.9
Scored 7.9",Good,620,Vevey,2024-05-25
Rapperswil-Jona Youth Hostel,CHF 62,"8.3
Scored 8.3",Very Good,271,Rapperswil-Jona,2024-05-25
Villa Montreux,CHF 355,"9.4
Scored 9.4",Wonderful,58,Montreux,2024-05-25
Hotel Ristorante LIDO,CHF 164,"8.4
Scored 8.4",Very Good,824,San Bernardino,2024-05-25
Hotel Grimsel,CHF 110,"8.7
Scored 8.7",Excellent,699,Obergesteln,2024-05-25
Hotel San Giobbe,CHF 144,"7.1
Scored 7.1",Good,445,Giubiasco,2024-05-25
Schloss Wartegg,CHF 247,"8.9
Scored 8.9",Excellent,168,Rorschacherberg,2024-05-25
Hotel & Spa Silberhorn Wengen,CHF 219,"8.5
Scored 8.5",Very Good,381,Wengen,2024-05-25
Hotel-Restaurant Bellevue,CHF 109,"8.7
Scored 8.7",Excellent,686,Flims,2024-05-25
Casa Ines,CHF 73,"8.4
Scored 8.4",Very Good,266,Bellinzona,2024-05-25
Swiss Hostel Lago Lodge,CHF 40,"8.0
Scored 8.0",Very Good,701,Biel,2024-05-25
B&B La Ferme De Pouillerel,CHF 80,"8.9
Scored 8.9",Excellent,259,La Chaux-de-Fonds,2024-05-25
Villa Principe Leopoldo - Ticino Hotels Group,CHF 591,"8.9
Scored 8.9",Excellent,575,Lugano,2024-05-25
Jet Hotel Zurich Airport,CHF 127,"8.1
Scored 8.1",Very Good,"2,952",Rümlang,2024-05-25
Hotel Tannenboden,CHF 105,"8.9
Scored 8.9",Excellent,307,Flumserberg,2024-05-25
